name,type,district,latitude,longitude,bank_name
강남구 ATM 1,ATM,강남구,37.51631695758358,127.04435253358548,IBK기업은행
강남구 ATM 2,ATM,강남구,37.521036369869165,127.05894859313163,우리은행
강남구 시중은행 3,시중은행,강남구,37.4825454668171,127.01110365478355,IBK기업은행
강남구 시중은행 4,시중은행,강남구,37.532643280077494,127.07611312396668,하나은행
강남구 시중은행 5,시중은행,강남구,37.49329935114074,127.05592192147593,IBK기업은행
강남구 ATM 6,ATM,강남구,37.52887846373655,127.04884421966212,NH농협
강남구 지방은행 7,지방은행,강남구,37.51717384349539,127.08975839912752,하나은행
강남구 ATM 8,ATM,강남구,37.505692538009235,127.03682455130483,NH농협
강남구 시중은행 9,시중은행,강남구,37.53942247928697,127.04554184250911,신한은행
강남구 시중은행 10,시중은행,강남구,37.51312233000714,127.06674208499945,하나은행
강남구 ATM 11,ATM,강남구,37.47790972599194,127.02701053559264,KB국민은행
강남구 지방은행 12,지방은행,강남구,37.52967079822325,127.03523109150596,우리은행
강남구 시중은행 13,시중은행,강남구,37.511699900319094,127.02151066073083,하나은행
강남구 지방은행 14,지방은행,강남구,37.50090322011798,127.05128885252644,KB국민은행
강남구 시중은행 15,시중은행,강남구,37.510049071323834,127.0480708238357,NH농협
강남구 ATM 16,ATM,강남구,37.518549801830346,127.05764438602434,우리은행
강남구 ATM 17,ATM,강남구,37.552474120145874,127.0460432504651,우리은행
강남구 ATM 18,ATM,강남구,37.49479376434437,127.04960792258956,우리은행
강남구 지방은행 19,지방은행,강남구,37.5196705499693,127.04192080857273,우리은행
강남구 시중은행 20,시중은행,강남구,37.539912180151106,127.06958236331161,우리은행
강남구 시중은행 21,시중은행,강남구,37.51837935075532,127.05818268514172,IBK기업은행
강남구 시중은행 22,시중은행,강남구,37.51979695311475,127.03406340764691,KB국민은행
강남구 시중은행 23,시중은행,강남구,37.5366677555475,127.06494678310682,하나은행
강남구 지방은행 24,지방은행,강남구,37.498016828021576,127.06907990283837,KB국민은행
강남구 시중은행 25,시중은행,강남구,37.55329839613611,127.05269841467381,하나은행
강남구 시중은행 26,시중은행,강남구,37.517785944810285,127.03268659606152,신한은행
강남구 시중은행 27,시중은행,강남구,37.50495862066206,127.02518902565258,KB국민은행
강남구 지방은행 28,지방은행,강남구,37.501808574587095,127.04347872380399,KB국민은행
강남구 시중은행 29,시중은행,강남구,37.536711446879146,127.0608633421941,우리은행
강남구 지방은행 30,지방은행,강남구,37.49757873735587,127.03750736459865,NH농협
강남구 ATM 31,ATM,강남구,37.508394765937545,127.06953209335286,신한은행
강남구 시중은행 32,시중은행,강남구,37.511189694239725,127.05012195735644,IBK기업은행
강동구 시중은행 1,시중은행,강동구,37.516565640236884,127.1060730719844,신한은행
강동구 지방은행 2,지방은행,강동구,37.518546012577794,127.12934463659646,신한은행
강동구 시중은행 3,시중은행,강동구,37.53913022225834,127.13218273666267,우리은행
강동구 지방은행 4,지방은행,강동구,37.53351900990391,127.15211661402941,우리은행
강동구 ATM 5,ATM,강동구,37.556807252627046,127.13379950231463,NH농협
강동구 지방은행 6,지방은행,강동구,37.515166721316184,127.13183733284232,우리은행
강동구 ATM 7,ATM,강동구,37.55178752791166,127.10363298368952,하나은행
강동구 시중은행 8,시중은행,강동구,37.53685169566618,127.13256952771802,NH농협
강동구 ATM 9,ATM,강동구,37.54405158869347,127.12017043974815,하나은행
강동구 시중은행 10,시중은행,강동구,37.52386096520906,127.14328693191813,하나은행
강동구 시중은행 11,시중은행,강동구,37.55095824391683,127.09442647971841,KB국민은행
강동구 지방은행 12,지방은행,강동구,37.51408703528426,127.13868586658141,우리은행
강북구 지방은행 1,지방은행,강북구,37.621682726180026,127.06642522805303,KB국민은행
강북구 지방은행 2,지방은행,강북구,37.599964912961205,127.01513351179878,KB국민은행
강북구 시중은행 3,시중은행,강북구,37.65632373236569,126.99312534552163,KB국민은행
강북구 시중은행 4,시중은행,강북구,37.625304501348005,127.02585201130907,우리은행
강서구 시중은행 1,시중은행,강서구,37.59224370026985,126.85539160039907,하나은행
강서구 ATM 2,ATM,강서구,37.56807587945674,126.84380667208232,IBK기업은행
강서구 ATM 3,ATM,강서구,37.55153077365572,126.8414094965749,KB국민은행
강서구 ATM 4,ATM,강서구,37.58373524725273,126.83292355857972,신한은행
강서구 지방은행 5,지방은행,강서구,37.540063338339195,126.8455412104671,KB국민은행
강서구 지방은행 6,지방은행,강서구,37.57242503303093,126.82322283413602,하나은행
강서구 ATM 7,ATM,강서구,37.565731278381996,126.8675037272493,IBK기업은행
강서구 지방은행 8,지방은행,강서구,37.53341220833179,126.84688908801552,KB국민은행
강서구 지방은행 9,지방은행,강서구,37.586962996186635,126.85792903169758,하나은행
강서구 ATM 10,ATM,강서구,37.557212701015466,126.86299523968232,하나은행
강서구 시중은행 11,시중은행,강서구,37.521962576829004,126.82298151976454,NH농협
강서구 ATM 12,ATM,강서구,37.56640175174294,126.84545522645308,우리은행
강서구 시중은행 13,시중은행,강서구,37.50291774237207,126.90648121240609,NH농협
강서구 지방은행 14,지방은행,강서구,37.54528255025954,126.86005965986224,NH농협
강서구 시중은행 15,시중은행,강서구,37.5326065020186,126.84783269811078,KB국민은행
강서구 시중은행 16,시중은행,강서구,37.53297610375625,126.80740853336161,신한은행
강서구 ATM 17,ATM,강서구,37.55099146143641,126.8134129238563,NH농협
강서구 지방은행 18,지방은행,강서구,37.545952637535585,126.8498780019313,우리은행
관악구 ATM 1,ATM,관악구,37.47216536195932,126.97589042954095,IBK기업은행
관악구 시중은행 2,시중은행,관악구,37.45203724939478,126.93946169785656,신한은행
관악구 ATM 3,ATM,관악구,37.479330349178426,126.94655602699123,신한은행
관악구 지방은행 4,지방은행,관악구,37.496485658786824,126.91556035576986,IBK기업은행
관악구 지방은행 5,지방은행,관악구,37.49333860282553,126.95059017073179,하나은행
관악구 시중은행 6,시중은행,관악구,37.472070435496974,126.92557422834768,신한은행
관악구 시중은행 7,시중은행,관악구,37.48285681393442,126.94497595577232,KB국민은행
관악구 지방은행 8,지방은행,관악구,37.49567665129547,126.98500051697953,NH농협
관악구 시중은행 9,시중은행,관악구,37.45888126712822,126.93790529686054,NH농협
관악구 ATM 10,ATM,관악구,37.494327298943325,126.9438634713679,NH농협
관악구 시중은행 11,시중은행,관악구,37.486613241978745,126.93529419974814,NH농협
관악구 시중은행 12,시중은행,관악구,37.471367159625686,126.97121904551453,우리은행
관악구 지방은행 13,지방은행,관악구,37.502873648672036,126.9524876763543,하나은행
관악구 ATM 14,ATM,관악구,37.46438312636301,126.96717410819097,우리은행
관악구 지방은행 15,지방은행,관악구,37.49794466429585,126.94571013818012,NH농협
광진구 시중은행 1,시중은행,광진구,37.5039649768957,127.06639497635904,IBK기업은행
광진구 시중은행 2,시중은행,광진구,37.4948894229562,127.10636676702096,KB국민은행
광진구 ATM 3,ATM,광진구,37.54419269503622,127.06978361972115,KB국민은행
광진구 지방은행 4,지방은행,광진구,37.55016332188246,127.04916744797842,NH농협
광진구 지방은행 5,지방은행,광진구,37.54917421024587,127.12008858356931,하나은행
광진구 시중은행 6,시중은행,광진구,37.54097074750203,127.06938135350903,우리은행
광진구 지방은행 7,지방은행,광진구,37.5578898112939,127.09236210934539,NH농협
광진구 ATM 8,ATM,광진구,37.53979581981876,127.11196148129106,하나은행
광진구 지방은행 9,지방은행,광진구,37.554567737399715,127.05703765293343,하나은행
광진구 시중은행 10,시중은행,광진구,37.552204113120766,127.07821294436265,우리은행
구로구 지방은행 1,지방은행,구로구,37.493661324695616,126.89992628407116,우리은행
구로구 ATM 2,ATM,구로구,37.48432262171011,126.89537226272371,NH농협
구로구 지방은행 3,지방은행,구로구,37.45121974108799,126.87408064844496,우리은행
구로구 ATM 4,ATM,구로구,37.48232849800214,126.90874891527804,NH농협
구로구 ATM 5,ATM,구로구,37.479577132317864,126.88107649176044,우리은행
구로구 지방은행 6,지방은행,구로구,37.49453540189337,126.89426255298028,신한은행
구로구 지방은행 7,지방은행,구로구,37.49400364053051,126.90250231739874,우리은행
구로구 ATM 8,ATM,구로구,37.48407271464917,126.85905837209191,우리은행
구로구 지방은행 9,지방은행,구로구,37.50425895899107,126.87798014641554,KB국민은행
구로구 지방은행 10,지방은행,구로구,37.48487820765227,126.87900541068412,IBK기업은행
구로구 지방은행 11,지방은행,구로구,37.505034757923475,126.91092252376312,하나은행
구로구 시중은행 12,시중은행,구로구,37.51990023003525,126.89148251712619,KB국민은행
금천구 시중은행 1,시중은행,금천구,37.41931074830878,126.88709671573969,NH농협
금천구 시중은행 2,시중은행,금천구,37.46383205822376,126.90019431469076,NH농협
금천구 지방은행 3,지방은행,금천구,37.47081654114614,126.89543221403862,우리은행
노원구 시중은행 1,시중은행,노원구,37.657343889211745,127.04608795388633,하나은행
노원구 지방은행 2,지방은행,노원구,37.70223681078201,127.08315953500613,IBK기업은행
노원구 ATM 3,ATM,노원구,37.65271940935723,127.06942010278983,신한은행
노원구 ATM 4,ATM,노원구,37.66244735794327,127.04292499530472,NH농협
노원구 시중은행 5,시중은행,노원구,37.67169816329741,127.06690951142402,IBK기업은행
노원구 지방은행 6,지방은행,노원구,37.650360303950315,127.07466301447835,우리은행
노원구 ATM 7,ATM,노원구,37.64016752877175,127.03952576888005,IBK기업은행
노원구 지방은행 8,지방은행,노원구,37.64028116487577,127.04649142745474,신한은행
노원구 ATM 9,ATM,노원구,37.654546013128545,127.0861953857038,우리은행
노원구 ATM 10,ATM,노원구,37.63608837469612,127.02111633884194,IBK기업은행
노원구 ATM 11,ATM,노원구,37.67124872778432,127.04206723545676,우리은행
노원구 지방은행 12,지방은행,노원구,37.6407996553733,127.09363148752335,KB국민은행
노원구 시중은행 13,시중은행,노원구,37.599997406856126,127.06909730065716,신한은행
노원구 지방은행 14,지방은행,노원구,37.632125754564214,127.04376957848432,우리은행
노원구 ATM 15,ATM,노원구,37.60853310978713,127.07981896494081,하나은행
노원구 시중은행 16,시중은행,노원구,37.64496579447007,127.06172719158046,우리은행
도봉구 시중은행 1,시중은행,도봉구,37.69168580099214,127.07455158206936,우리은행
도봉구 시중은행 2,시중은행,도봉구,37.67322025890623,127.01648561469447,NH농협
도봉구 시중은행 3,시중은행,도봉구,37.68510192382962,126.9980284918288,우리은행
도봉구 시중은행 4,시중은행,도봉구,37.678594135712736,127.08783276931358,신한은행
도봉구 시중은행 5,시중은행,도봉구,37.63727263443958,127.04419734209633,NH농협
동대문구 시중은행 1,시중은행,동대문구,37.60505980581713,127.04143547026823,하나은행
동대문구 ATM 2,ATM,동대문구,37.55595735809396,127.02110613775768,IBK기업은행
동대문구 시중은행 3,시중은행,동대문구,37.58243977126607,127.017177329844,IBK기업은행
동대문구 ATM 4,ATM,동대문구,37.59509588776973,127.06113629553815,KB국민은행
동대문구 지방은행 5,지방은행,동대문구,37.596655800848936,127.03547063211448,KB국민은행
동대문구 지방은행 6,지방은행,동대문구,37.553091848363984,127.03469715146694,KB국민은행
동대문구 지방은행 7,지방은행,동대문구,37.58449438357595,127.00925829340342,IBK기업은행
동대문구 시중은행 8,시중은행,동대문구,37.5852307823969,126.99108678734143,IBK기업은행
동대문구 ATM 9,ATM,동대문구,37.57753291777987,127.0532366037174,우리은행
동대문구 지방은행 10,지방은행,동대문구,37.54434490847397,127.05032487974779,우리은행
동작구 지방은행 1,지방은행,동작구,37.51324367786727,126.95345839126568,NH농협
동작구 지방은행 2,지방은행,동작구,37.51945928441366,126.94935006626402,IBK기업은행
동작구 시중은행 3,시중은행,동작구,37.485553370184626,126.93851611085078,NH농협
동작구 시중은행 4,시중은행,동작구,37.53880381042633,126.9687270102435,NH농협
동작구 시중은행 5,시중은행,동작구,37.514613459336864,126.92939202585046,우리은행
동작구 시중은행 6,시중은행,동작구,37.51290214483907,126.93770991296343,하나은행
동작구 지방은행 7,지방은행,동작구,37.5217056643731,126.9416705172706,신한은행
동작구 ATM 8,ATM,동작구,37.538354307405484,126.93300806155749,우리은행
동작구 시중은행 9,시중은행,동작구,37.48180276867609,126.93296777582982,신한은행
동작구 시중은행 10,시중은행,동작구,37.51847886684598,126.93255203007813,KB국민은행
동작구 시중은행 11,시중은행,동작구,37.53619764120904,126.93770395884806,NH농협
마포구 지방은행 1,지방은행,마포구,37.55850879103681,126.91327196134236,하나은행
마포구 시중은행 2,시중은행,마포구,37.53408644535882,126.94120800400654,IBK기업은행
마포구 시중은행 3,시중은행,마포구,37.57520713416742,126.89908370808402,IBK기업은행
마포구 시중은행 4,시중은행,마포구,37.57867681566867,126.90183120747542,신한은행
마포구 지방은행 5,지방은행,마포구,37.584186526913946,126.92029305456391,IBK기업은행
마포구 지방은행 6,지방은행,마포구,37.52244732537238,126.93061095167407,IBK기업은행
마포구 ATM 7,ATM,마포구,37.528914909426675,126.88316668409374,우리은행
마포구 시중은행 8,시중은행,마포구,37.506889022729844,126.92998582213738,KB국민은행
마포구 지방은행 9,지방은행,마포구,37.55589705332874,126.92160804664395,우리은행
마포구 시중은행 10,시중은행,마포구,37.5953037277563,126.88876526535881,신한은행
마포구 시중은행 11,시중은행,마포구,37.565855638966795,126.87843452147914,신한은행
서대문구 시중은행 1,시중은행,서대문구,37.58249486902889,126.95651115411209,IBK기업은행
서대문구 ATM 2,ATM,서대문구,37.581835100661664,126.94737829943946,IBK기업은행
서대문구 ATM 3,ATM,서대문구,37.57327276097027,126.92035838589639,IBK기업은행
서대문구 지방은행 4,지방은행,서대문구,37.57713814854117,126.95336765474836,NH농협
서대문구 ATM 5,ATM,서대문구,37.55678581001968,126.93152425866948,하나은행
서대문구 시중은행 6,시중은행,서대문구,37.60608725410878,126.91023063356,하나은행
서대문구 지방은행 7,지방은행,서대문구,37.62248950888192,126.90657407366987,우리은행
서대문구 ATM 8,ATM,서대문구,37.58201508651009,126.97373824718942,NH농협
서대문구 시중은행 9,시중은행,서대문구,37.59002367560994,126.93601057569666,우리은행
서초구 ATM 1,ATM,서초구,37.517671212355346,127.02064564008617,우리은행
서초구 ATM 2,ATM,서초구,37.506185842886374,127.03177363946473,신한은행
서초구 시중은행 3,시중은행,서초구,37.48813452623213,127.02367718960258,IBK기업은행
서초구 지방은행 4,지방은행,서초구,37.53248910330554,127.01338942488145,신한은행
서초구 지방은행 5,지방은행,서초구,37.47947501312211,127.06003740408968,하나은행
서초구 시중은행 6,시중은행,서초구,37.488302734492784,127.02537783743561,우리은행
서초구 ATM 7,ATM,서초구,37.48497844682412,127.03543064516829,IBK기업은행
서초구 ATM 8,ATM,서초구,37.48332975156268,126.99475672366557,NH농협
서초구 ATM 9,ATM,서초구,37.4924425481612,127.03056882940996,NH농협
서초구 지방은행 10,지방은행,서초구,37.47621638902525,127.02693123025902,KB국민은행
서초구 시중은행 11,시중은행,서초구,37.48976792124701,127.03621605145104,NH농협
서초구 시중은행 12,시중은행,서초구,37.49263267677888,127.04632706253328,KB국민은행
서초구 시중은행 13,시중은행,서초구,37.492069576718166,127.04090283434886,KB국민은행
서초구 ATM 14,ATM,서초구,37.50844488947397,127.01152913613531,신한은행
서초구 시중은행 15,시중은행,서초구,37.50360004793085,127.02360930258124,신한은행
서초구 ATM 16,ATM,서초구,37.48317728915262,127.03819088651429,우리은행
서초구 지방은행 17,지방은행,서초구,37.4631085633873,127.02326380833715,IBK기업은행
서초구 지방은행 18,지방은행,서초구,37.48215844145441,127.0679963083641,NH농협
서초구 지방은행 19,지방은행,서초구,37.487499082112166,127.02919854322927,NH농협
서초구 시중은행 20,시중은행,서초구,37.46402997037447,127.04710365176516,우리은행
서초구 지방은행 21,지방은행,서초구,37.47770862698029,127.08720170998085,우리은행
서초구 지방은행 22,지방은행,서초구,37.48575039552342,127.01343480954854,신한은행
서초구 시중은행 23,시중은행,서초구,37.50052805697607,127.02814623141037,NH농협
서초구 시중은행 24,시중은행,서초구,37.48566705976521,127.04268238219717,신한은행
성동구 지방은행 1,지방은행,성동구,37.51010402475358,127.0455813200544,NH농협
성동구 지방은행 2,지방은행,성동구,37.56566375103596,127.03674728173252,하나은행
성동구 ATM 3,ATM,성동구,37.53555156630728,127.05562265431718,KB국민은행
성동구 시중은행 4,시중은행,성동구,37.553269009814045,127.03125745825996,IBK기업은행
성동구 ATM 5,ATM,성동구,37.5734450571149,127.0642661767493,IBK기업은행
성동구 시중은행 6,시중은행,성동구,37.53082198535171,127.02451595862867,신한은행
성동구 지방은행 7,지방은행,성동구,37.59486910887504,127.04574155899385,하나은행
성동구 ATM 8,ATM,성동구,37.57202145279329,127.03682467473736,우리은행
성동구 지방은행 9,지방은행,성동구,37.56728947796273,127.0064361767414,IBK기업은행
성북구 ATM 1,ATM,성북구,37.625915973064174,127.00118034804153,신한은행
성북구 시중은행 2,시중은행,성북구,37.6107555498475,127.01091383657574,우리은행
성북구 ATM 3,ATM,성북구,37.60001337111986,127.03163086111398,IBK기업은행
성북구 ATM 4,ATM,성북구,37.59906963809767,127.04744846689893,우리은행
성북구 ATM 5,ATM,성북구,37.61504593142337,126.96326439823798,NH농협
성북구 ATM 6,ATM,성북구,37.62732130978776,127.03189373282463,우리은행
성북구 지방은행 7,지방은행,성북구,37.616377940745956,126.98457069070372,IBK기업은행
성북구 지방은행 8,지방은행,성북구,37.56770699555622,127.00889969394188,NH농협
성북구 ATM 9,ATM,성북구,37.58911577698268,127.00205067961711,하나은행
성북구 시중은행 10,시중은행,성북구,37.62672360391829,127.02869335370386,IBK기업은행
성북구 시중은행 11,시중은행,성북구,37.57988697300363,127.03605941599173,신한은행
성북구 지방은행 12,지방은행,성북구,37.588989312375354,127.01886662172426,NH농협
성북구 ATM 13,ATM,성북구,37.63506047379724,126.99943506598673,우리은행
송파구 시중은행 1,시중은행,송파구,37.53209759477328,127.09371370182069,신한은행
송파구 시중은행 2,시중은행,송파구,37.507270838840384,127.13103704525251,NH농협
송파구 ATM 3,ATM,송파구,37.4991227674263,127.13889163218323,하나은행
송파구 시중은행 4,시중은행,송파구,37.49459653356925,127.07997290739164,NH농협
송파구 시중은행 5,시중은행,송파구,37.50669185715181,127.1014251436567,신한은행
송파구 시중은행 6,시중은행,송파구,37.528681119899964,127.12548795026221,IBK기업은행
송파구 지방은행 7,지방은행,송파구,37.488079158884744,127.09999913040804,우리은행
송파구 ATM 8,ATM,송파구,37.55629788905397,127.11504392681394,NH농협
송파구 ATM 9,ATM,송파구,37.50345696074854,127.09960181144163,KB국민은행
송파구 시중은행 10,시중은행,송파구,37.561499580562035,127.10680771019109,하나은행
송파구 시중은행 11,시중은행,송파구,37.50535414730157,127.1340930914132,우리은행
송파구 시중은행 12,시중은행,송파구,37.50876596808628,127.13577511817795,하나은행
송파구 지방은행 13,지방은행,송파구,37.530928347844764,127.10917063887754,하나은행
송파구 시중은행 14,시중은행,송파구,37.506240715662415,127.10469616612734,신한은행
송파구 지방은행 15,지방은행,송파구,37.50934050228765,127.11627219486753,신한은행
송파구 지방은행 16,지방은행,송파구,37.45357162794686,127.06812260999794,NH농협
송파구 시중은행 17,시중은행,송파구,37.526242898206306,127.0974973171381,우리은행
송파구 시중은행 18,시중은행,송파구,37.51586650014411,127.09212424104864,우리은행
송파구 지방은행 19,지방은행,송파구,37.516631463280284,127.09024347767709,NH농협
송파구 시중은행 20,시중은행,송파구,37.51187587185074,127.11671506580092,우리은행
송파구 시중은행 21,시중은행,송파구,37.507356221731044,127.09607429305422,KB국민은행
송파구 시중은행 22,시중은행,송파구,37.51817193742664,127.12808582333064,KB국민은행
송파구 시중은행 23,시중은행,송파구,37.489544136532004,127.07884993683768,우리은행
송파구 시중은행 24,시중은행,송파구,37.53232501299548,127.09741517691631,KB국민은행
송파구 ATM 25,ATM,송파구,37.5148394081658,127.06841186113813,KB국민은행
송파구 시중은행 26,시중은행,송파구,37.51074687429268,127.09691273710332,NH농협
송파구 시중은행 27,시중은행,송파구,37.54092862826525,127.12835901407689,신한은행
송파구 시중은행 28,시중은행,송파구,37.5130331608917,127.09369707600626,KB국민은행
송파구 지방은행 29,지방은행,송파구,37.55789388115613,127.11311522423317,신한은행
송파구 시중은행 30,시중은행,송파구,37.50804761376293,127.08718240680129,신한은행
송파구 시중은행 31,시중은행,송파구,37.53281155980362,127.12470575685485,KB국민은행
송파구 ATM 32,ATM,송파구,37.513555415066264,127.12420170209961,하나은행
송파구 시중은행 33,시중은행,송파구,37.492207558643216,127.08359538720191,KB국민은행
송파구 시중은행 34,시중은행,송파구,37.5395098115476,127.09609792678498,KB국민은행
송파구 지방은행 35,지방은행,송파구,37.52471114273823,127.10911017013618,우리은행
송파구 ATM 36,ATM,송파구,37.47846310032326,127.09419174897687,하나은행
송파구 시중은행 37,시중은행,송파구,37.526179260311274,127.13401390400229,신한은행
송파구 ATM 38,ATM,송파구,37.516795205609505,127.10242774238225,우리은행
송파구 지방은행 39,지방은행,송파구,37.51988052752078,127.09351683163598,IBK기업은행
송파구 지방은행 40,지방은행,송파구,37.53646808714661,127.11242210582333,신한은행
양천구 ATM 1,ATM,양천구,37.47175691811952,126.8737690124775,NH농협
양천구 ATM 2,ATM,양천구,37.51053501133347,126.85584142258405,IBK기업은행
양천구 시중은행 3,시중은행,양천구,37.53867740611283,126.88163324476314,NH농협
양천구 시중은행 4,시중은행,양천구,37.510865746420265,126.87682561061146,하나은행
양천구 ATM 5,ATM,양천구,37.51238797854811,126.8509902942522,우리은행
양천구 시중은행 6,시중은행,양천구,37.49705180130928,126.87716693700328,우리은행
양천구 지방은행 7,지방은행,양천구,37.4861813272626,126.87790422889789,신한은행
양천구 시중은행 8,시중은행,양천구,37.49023456466125,126.92512066348856,하나은행
양천구 시중은행 9,시중은행,양천구,37.538125350606826,126.86750667130217,우리은행
양천구 시중은행 10,시중은행,양천구,37.49873960947719,126.90950638610067,NH농협
양천구 시중은행 11,시중은행,양천구,37.50865151445736,126.83707730164869,KB국민은행
양천구 시중은행 12,시중은행,양천구,37.49253867174299,126.88121310571027,신한은행
양천구 시중은행 13,시중은행,양천구,37.5181731941412,126.87769821345807,신한은행
영등포구 시중은행 1,시중은행,영등포구,37.50126682688361,126.90762271714564,IBK기업은행
영등포구 시중은행 2,시중은행,영등포구,37.558140894369956,126.88917751539098,NH농협
영등포구 시중은행 3,시중은행,영등포구,37.55398514539931,126.8953569982875,IBK기업은행
영등포구 시중은행 4,시중은행,영등포구,37.52307386543107,126.90395240421866,NH농협
영등포구 시중은행 5,시중은행,영등포구,37.563075685178184,126.91987747804215,우리은행
영등포구 시중은행 6,시중은행,영등포구,37.540314028257974,126.90650215959326,신한은행
영등포구 시중은행 7,시중은행,영등포구,37.509096140152806,126.88552836739329,우리은행
영등포구 ATM 8,ATM,영등포구,37.537408015181136,126.91840493101901,NH농협
영등포구 ATM 9,ATM,영등포구,37.51583397742038,126.8887952385671,하나은행
영등포구 시중은행 10,시중은행,영등포구,37.51596025846555,126.9264738193155,IBK기업은행
영등포구 시중은행 11,시중은행,영등포구,37.55145663114226,126.85065263192739,KB국민은행
용산구 시중은행 1,시중은행,용산구,37.52282700442596,127.00095697027933,IBK기업은행
용산구 ATM 2,ATM,용산구,37.567852453134776,126.99966733351312,KB국민은행
용산구 시중은행 3,시중은행,용산구,37.517740980520315,126.97924444358095,NH농협
용산구 시중은행 4,시중은행,용산구,37.52077022480456,126.95343441567289,신한은행
용산구 시중은행 5,시중은행,용산구,37.51447704209191,126.98266316536302,IBK기업은행
용산구 ATM 6,ATM,용산구,37.53540273834054,126.99737406731602,KB국민은행
은평구 ATM 1,ATM,은평구,37.55986785549592,126.91701733604278,우리은행
은평구 지방은행 2,지방은행,은평구,37.60517202658277,126.9129046871485,NH농협
은평구 시중은행 3,시중은행,은평구,37.602495248421164,126.89182055052513,하나은행
은평구 ATM 4,ATM,은평구,37.573445022171214,126.9464039522911,NH농협
은평구 ATM 5,ATM,은평구,37.61171307276635,126.93566911718601,IBK기업은행
은평구 지방은행 6,지방은행,은평구,37.588711109214515,126.92083921519094,하나은행
은평구 지방은행 7,지방은행,은평구,37.60954581129298,126.94966324897703,우리은행
은평구 지방은행 8,지방은행,은평구,37.60187619224625,126.93376801848466,KB국민은행
은평구 시중은행 9,시중은행,은평구,37.5708176032954,126.92936124546539,하나은행
은평구 ATM 10,ATM,은평구,37.60571419474591,126.90297981725888,KB국민은행
은평구 시중은행 11,시중은행,은평구,37.59211154473968,126.88578883253915,NH농협
은평구 시중은행 12,시중은행,은평구,37.594085983454015,126.91380999721747,NH농협
은평구 ATM 13,ATM,은평구,37.62983953753886,126.88898500421358,신한은행
은평구 시중은행 14,시중은행,은평구,37.592228451055476,126.93247264753599,하나은행
종로구 지방은행 1,지방은행,종로구,37.57600243327849,127.02104774825324,신한은행
종로구 시중은행 2,시중은행,종로구,37.544000259978255,126.99866946554802,NH농협
종로구 지방은행 3,지방은행,종로구,37.56124831597436,126.97035590298555,신한은행
종로구 ATM 4,ATM,종로구,37.56843154736451,126.96596762861107,우리은행
종로구 지방은행 5,지방은행,종로구,37.55293121603067,126.99503012153637,신한은행
종로구 지방은행 6,지방은행,종로구,37.5907037809619,126.9873277232719,신한은행
종로구 ATM 7,ATM,종로구,37.554967037196604,126.98556035923743,NH농협
종로구 ATM 8,ATM,종로구,37.56511898922119,126.97285163027331,NH농협
중구 지방은행 1,지방은행,중구,37.55044008250158,126.98118999525558,IBK기업은행
중구 시중은행 2,시중은행,중구,37.56611855854739,126.98073051660869,NH농협
중구 시중은행 3,시중은행,중구,37.54576960344987,127.0290001468343,KB국민은행
중구 지방은행 4,지방은행,중구,37.578028576109034,127.00171637041966,신한은행
중구 지방은행 5,지방은행,중구,37.60214548894836,126.99946704459113,KB국민은행
중구 시중은행 6,시중은행,중구,37.57082353177805,127.01671127794606,IBK기업은행
중랑구 시중은행 1,시중은행,중랑구,37.622336682539036,127.11372051475001,IBK기업은행
중랑구 시중은행 2,시중은행,중랑구,37.61821322841294,127.07887937417892,우리은행
중랑구 시중은행 3,시중은행,중랑구,37.61407868498201,127.08236984603656,우리은행
중랑구 ATM 4,ATM,중랑구,37.61717144763336,127.08247191795273,우리은행
중랑구 지방은행 5,지방은행,중랑구,37.61920474599621,127.10384746901751,우리은행
중랑구 시중은행 6,시중은행,중랑구,37.59179279190555,127.10998280272042,KB국민은행
중랑구 지방은행 7,지방은행,중랑구,37.61047711464008,127.10197701545478,NH농협
중랑구 ATM 8,ATM,중랑구,37.619138365929054,127.08220614777734,NH농협
중랑구 지방은행 9,지방은행,중랑구,37.607772663430644,127.09181063560666,하나은행
중랑구 시중은행 10,시중은행,중랑구,37.60941604073342,127.12727075692757,우리은행
중랑구 지방은행 11,지방은행,중랑구,37.58907046770562,127.06857642144821,우리은행
중랑구 시중은행 12,시중은행,중랑구,37.6101152807361,127.077865282172,하나은행
